{"MSE": 2.453983836538874, "_timestamp": 1685932031.026491, "_runtime": 7.6577558517456055, "_step": 0, "_wandb": {"runtime": 6}}