{"MSE": 2.4614722843963945, "_timestamp": 1685932686.8572664, "_runtime": 5.322129487991333, "_step": 0, "_wandb": {"runtime": 5}}