{"MSE": 2.540256361277172, "_timestamp": 1685932621.3014758, "_runtime": 3.627894878387451, "_step": 0, "_wandb": {"runtime": 3}}