{"MSE": 2.4573016707729547, "_timestamp": 1685932669.7290673, "_runtime": 4.06085729598999, "_step": 0, "_wandb": {"runtime": 3}}