{"MSE": 2.4531997869427187, "_timestamp": 1685932637.8239503, "_runtime": 4.145516395568848, "_step": 0, "_wandb": {"runtime": 3}}