{"MSE": 2.464080579330817, "_timestamp": 1685932654.240628, "_runtime": 4.418956995010376, "_step": 0, "_wandb": {"runtime": 3}}